policy,accuracy,avg_cost,utility,regret,route_acc,group,models,seed
always_llama_70b,0.9137055837563451,5.237700000000001e-05,0.9137055837563451,0.050761421319796954,0.949238578680203,llama_deepseek,"llama_70b,deepseek_v3",200
always_deepseek_v3,0.934010152284264,7.164896446700507e-05,0.934010152284264,0.030456852791878174,0.050761421319796954,llama_deepseek,"llama_70b,deepseek_v3",200
oracle,0.9644670050761421,5.362265989847716e-05,0.9644670050761421,0.0,1.0,llama_deepseek,"llama_70b,deepseek_v3",200
random,0.934010152284264,6.23910507614213e-05,0.934010152284264,0.030456852791878174,0.5025380710659898,llama_deepseek,"llama_70b,deepseek_v3",200
correctness_logistic,0.9137055837563451,6.271433502538071e-05,0.9137055837563451,0.050761421319796954,0.467005076142132,llama_deepseek,"llama_70b,deepseek_v3",200
correctness_random_forest,0.9187817258883249,6.040079187817259e-05,0.9187817258883249,0.04568527918781726,0.5989847715736041,llama_deepseek,"llama_70b,deepseek_v3",200
correctness_extra_trees,0.9238578680203046,5.9578766497461935e-05,0.9238578680203046,0.04060913705583756,0.5583756345177665,llama_deepseek,"llama_70b,deepseek_v3",200
correctness_tfidf_logistic,0.9187817258883249,6.322544162436549e-05,0.9187817258883249,0.04568527918781726,0.4517766497461929,llama_deepseek,"llama_70b,deepseek_v3",200
always_llama_70b,0.8934010152284264,5.476117766497462e-05,0.8934010152284264,0.05583756345177665,0.9441624365482234,llama_deepseek,"llama_70b,deepseek_v3",201
always_deepseek_v3,0.9035532994923858,6.978987817258884e-05,0.9035532994923858,0.04568527918781726,0.05583756345177665,llama_deepseek,"llama_70b,deepseek_v3",201
oracle,0.949238578680203,5.452187309644669e-05,0.949238578680203,0.0,1.0,llama_deepseek,"llama_70b,deepseek_v3",201
random,0.9035532994923858,6.456769543147209e-05,0.9035532994923858,0.04568527918781726,0.4873096446700508,llama_deepseek,"llama_70b,deepseek_v3",201
correctness_logistic,0.8984771573604061,6.275840609137056e-05,0.8984771573604061,0.050761421319796954,0.38071065989847713,llama_deepseek,"llama_70b,deepseek_v3",201
correctness_random_forest,0.9137055837563451,6.268652791878173e-05,0.9137055837563451,0.03553299492385787,0.4873096446700508,llama_deepseek,"llama_70b,deepseek_v3",201
correctness_extra_trees,0.9035532994923858,6.311288324873096e-05,0.9035532994923858,0.04568527918781726,0.4720812182741117,llama_deepseek,"llama_70b,deepseek_v3",201
correctness_tfidf_logistic,0.9035532994923858,6.281877157360406e-05,0.9035532994923858,0.04568527918781726,0.39086294416243655,llama_deepseek,"llama_70b,deepseek_v3",201
always_llama_70b,0.9137055837563451,5.804110152284263e-05,0.9137055837563451,0.04060913705583756,0.9593908629441624,llama_deepseek,"llama_70b,deepseek_v3",202
always_deepseek_v3,0.9035532994923858,7.044606091370558e-05,0.9035532994923858,0.050761421319796954,0.04060913705583756,llama_deepseek,"llama_70b,deepseek_v3",202
oracle,0.9543147208121827,5.739886802030456e-05,0.9543147208121827,0.0,1.0,llama_deepseek,"llama_70b,deepseek_v3",202
random,0.9187817258883249,6.395784263959391e-05,0.9187817258883249,0.03553299492385787,0.5736040609137056,llama_deepseek,"llama_70b,deepseek_v3",202
correctness_logistic,0.934010152284264,6.459755837563451e-05,0.934010152284264,0.02030456852791878,0.5431472081218274,llama_deepseek,"llama_70b,deepseek_v3",202
correctness_random_forest,0.9137055837563451,7.086885279187818e-05,0.9137055837563451,0.04060913705583756,0.3401015228426396,llama_deepseek,"llama_70b,deepseek_v3",202
correctness_extra_trees,0.9187817258883249,6.955932487309646e-05,0.9187817258883249,0.03553299492385787,0.47715736040609136,llama_deepseek,"llama_70b,deepseek_v3",202
correctness_tfidf_logistic,0.934010152284264,6.626550253807106e-05,0.934010152284264,0.02030456852791878,0.4873096446700508,llama_deepseek,"llama_70b,deepseek_v3",202
always_llama_70b,0.8527918781725888,5.2808309644670046e-05,0.8527918781725888,0.07614213197969544,0.9238578680203046,llama_deepseek,"llama_70b,deepseek_v3",203
always_deepseek_v3,0.8984771573604061,6.77893807106599e-05,0.8984771573604061,0.030456852791878174,0.07614213197969544,llama_deepseek,"llama_70b,deepseek_v3",203
oracle,0.9289340101522843,5.30706345177665e-05,0.9289340101522843,0.0,1.0,llama_deepseek,"llama_70b,deepseek_v3",203
random,0.8730964467005076,5.8402654822335035e-05,0.8730964467005076,0.05583756345177665,0.5177664974619289,llama_deepseek,"llama_70b,deepseek_v3",203
correctness_logistic,0.9035532994923858,6.07302538071066e-05,0.9035532994923858,0.025380710659898477,0.5431472081218274,llama_deepseek,"llama_70b,deepseek_v3",203
correctness_random_forest,0.883248730964467,5.824043654822335e-05,0.883248730964467,0.04568527918781726,0.5736040609137056,llama_deepseek,"llama_70b,deepseek_v3",203
correctness_extra_trees,0.8984771573604061,6.056649746192894e-05,0.8984771573604061,0.030456852791878174,0.5685279187817259,llama_deepseek,"llama_70b,deepseek_v3",203
correctness_tfidf_logistic,0.8934010152284264,6.294556852791878e-05,0.8934010152284264,0.03553299492385787,0.47715736040609136,llama_deepseek,"llama_70b,deepseek_v3",203
always_llama_70b,0.8527918781725888,5.5726903553299483e-05,0.8527918781725888,0.07614213197969544,0.9238578680203046,llama_deepseek,"llama_70b,deepseek_v3",204
always_deepseek_v3,0.8883248730964467,7.45758883248731e-05,0.8883248730964467,0.04060913705583756,0.07614213197969544,llama_deepseek,"llama_70b,deepseek_v3",204
oracle,0.9289340101522843,5.581444162436548e-05,0.9289340101522843,0.0,1.0,llama_deepseek,"llama_70b,deepseek_v3",204
random,0.8781725888324873,6.672090862944162e-05,0.8781725888324873,0.050761421319796954,0.47715736040609136,llama_deepseek,"llama_70b,deepseek_v3",204
correctness_logistic,0.8934010152284264,6.520090862944162e-05,0.8934010152284264,0.03553299492385787,0.5329949238578681,llama_deepseek,"llama_70b,deepseek_v3",204
correctness_random_forest,0.883248730964467,6.332662436548223e-05,0.883248730964467,0.04568527918781726,0.48223350253807107,llama_deepseek,"llama_70b,deepseek_v3",204
correctness_extra_trees,0.8934010152284264,6.624226395939086e-05,0.8934010152284264,0.03553299492385787,0.5076142131979695,llama_deepseek,"llama_70b,deepseek_v3",204
correctness_tfidf_logistic,0.8934010152284264,6.642749238578681e-05,0.8934010152284264,0.03553299492385787,0.4619289340101523,llama_deepseek,"llama_70b,deepseek_v3",204
always_llama_70b,0.8934010152284264,5.789965482233503e-05,0.8934010152284264,0.06598984771573604,0.934010152284264,llama_deepseek,"llama_70b,deepseek_v3",205
always_deepseek_v3,0.8883248730964467,6.943462944162438e-05,0.8883248730964467,0.07106598984771574,0.06598984771573604,llama_deepseek,"llama_70b,deepseek_v3",205
oracle,0.9593908629441624,5.952385279187817e-05,0.9593908629441624,0.0,1.0,llama_deepseek,"llama_70b,deepseek_v3",205
random,0.8730964467005076,6.604383756345177e-05,0.8730964467005076,0.08629441624365482,0.47715736040609136,llama_deepseek,"llama_70b,deepseek_v3",205
correctness_logistic,0.8934010152284264,6.374191370558377e-05,0.8934010152284264,0.06598984771573604,0.5126903553299492,llama_deepseek,"llama_70b,deepseek_v3",205
correctness_random_forest,0.9035532994923858,6.237804060913706e-05,0.9035532994923858,0.05583756345177665,0.45685279187817257,llama_deepseek,"llama_70b,deepseek_v3",205
correctness_extra_trees,0.9187817258883249,6.332047208121827e-05,0.9187817258883249,0.04060913705583756,0.5634517766497462,llama_deepseek,"llama_70b,deepseek_v3",205
correctness_tfidf_logistic,0.9086294416243654,6.169117258883248e-05,0.9086294416243654,0.050761421319796954,0.5076142131979695,llama_deepseek,"llama_70b,deepseek_v3",205
always_llama_70b,0.8984771573604061,5.47858426395939e-05,0.8984771573604061,0.04568527918781726,0.9543147208121827,llama_deepseek,"llama_70b,deepseek_v3",206
always_deepseek_v3,0.868020304568528,6.702823350253807e-05,0.868020304568528,0.07614213197969544,0.04568527918781726,llama_deepseek,"llama_70b,deepseek_v3",206
oracle,0.9441624365482234,5.4774634517766496e-05,0.9441624365482234,0.0,1.0,llama_deepseek,"llama_70b,deepseek_v3",206
random,0.8883248730964467,6.30157461928934e-05,0.8883248730964467,0.05583756345177665,0.43147208121827413,llama_deepseek,"llama_70b,deepseek_v3",206
correctness_logistic,0.8984771573604061,6.360661421319798e-05,0.8984771573604061,0.04568527918781726,0.4517766497461929,llama_deepseek,"llama_70b,deepseek_v3",206
correctness_random_forest,0.8984771573604061,6.450681218274111e-05,0.8984771573604061,0.04568527918781726,0.48223350253807107,llama_deepseek,"llama_70b,deepseek_v3",206
correctness_extra_trees,0.9035532994923858,6.175814720812183e-05,0.9035532994923858,0.04060913705583756,0.5532994923857868,llama_deepseek,"llama_70b,deepseek_v3",206
correctness_tfidf_logistic,0.8934010152284264,6.331307106598985e-05,0.8934010152284264,0.050761421319796954,0.45685279187817257,llama_deepseek,"llama_70b,deepseek_v3",206
always_llama_70b,0.8730964467005076,5.597683248730965e-05,0.8730964467005076,0.07614213197969544,0.9238578680203046,llama_deepseek,"llama_70b,deepseek_v3",207
always_deepseek_v3,0.9187817258883249,7.22853197969543e-05,0.9187817258883249,0.030456852791878174,0.07614213197969544,llama_deepseek,"llama_70b,deepseek_v3",207
oracle,0.949238578680203,5.697259390862945e-05,0.949238578680203,0.0,1.0,llama_deepseek,"llama_70b,deepseek_v3",207
random,0.8883248730964467,6.545246700507614e-05,0.8883248730964467,0.06091370558375635,0.4619289340101523,llama_deepseek,"llama_70b,deepseek_v3",207
correctness_logistic,0.9035532994923858,6.53173147208122e-05,0.9035532994923858,0.04568527918781726,0.4873096446700508,llama_deepseek,"llama_70b,deepseek_v3",207
correctness_random_forest,0.8984771573604061,6.0288720812182745e-05,0.8984771573604061,0.050761421319796954,0.5279187817258884,llama_deepseek,"llama_70b,deepseek_v3",207
correctness_extra_trees,0.883248730964467,6.383769035532996e-05,0.883248730964467,0.06598984771573604,0.5279187817258884,llama_deepseek,"llama_70b,deepseek_v3",207
correctness_tfidf_logistic,0.8934010152284264,6.512647208121827e-05,0.8934010152284264,0.05583756345177665,0.4619289340101523,llama_deepseek,"llama_70b,deepseek_v3",207
always_llama_70b,0.883248730964467,5.221348730964466e-05,0.883248730964467,0.04060913705583756,0.9593908629441624,llama_deepseek,"llama_70b,deepseek_v3",208
always_deepseek_v3,0.8934010152284264,7.270623350253807e-05,0.8934010152284264,0.030456852791878174,0.04060913705583756,llama_deepseek,"llama_70b,deepseek_v3",208
oracle,0.9238578680203046,5.336691370558375e-05,0.9238578680203046,0.0,1.0,llama_deepseek,"llama_70b,deepseek_v3",208
random,0.8883248730964467,6.470202538071067e-05,0.8883248730964467,0.03553299492385787,0.4213197969543147,llama_deepseek,"llama_70b,deepseek_v3",208
correctness_logistic,0.9035532994923858,6.193988324873097e-05,0.9035532994923858,0.02030456852791878,0.5583756345177665,llama_deepseek,"llama_70b,deepseek_v3",208
correctness_random_forest,0.8934010152284264,6.299824365482233e-05,0.8934010152284264,0.030456852791878174,0.467005076142132,llama_deepseek,"llama_70b,deepseek_v3",208
correctness_extra_trees,0.8984771573604061,6.222554314720813e-05,0.8984771573604061,0.025380710659898477,0.5279187817258884,llama_deepseek,"llama_70b,deepseek_v3",208
correctness_tfidf_logistic,0.9035532994923858,6.207251776649747e-05,0.9035532994923858,0.02030456852791878,0.4873096446700508,llama_deepseek,"llama_70b,deepseek_v3",208
always_llama_70b,0.9035532994923858,5.3867588832487304e-05,0.9035532994923858,0.050761421319796954,0.949238578680203,llama_deepseek,"llama_70b,deepseek_v3",209
always_deepseek_v3,0.9187817258883249,7.155994923857867e-05,0.9187817258883249,0.03553299492385787,0.050761421319796954,llama_deepseek,"llama_70b,deepseek_v3",209
oracle,0.9543147208121827,5.5099553299492386e-05,0.9543147208121827,0.0,1.0,llama_deepseek,"llama_70b,deepseek_v3",209
random,0.9137055837563451,6.363904060913706e-05,0.9137055837563451,0.04060913705583756,0.4365482233502538,llama_deepseek,"llama_70b,deepseek_v3",209
correctness_logistic,0.9187817258883249,6.164294923857868e-05,0.9187817258883249,0.03553299492385787,0.5532994923857868,llama_deepseek,"llama_70b,deepseek_v3",209
correctness_random_forest,0.9137055837563451,6.180737563451777e-05,0.9137055837563451,0.04060913705583756,0.5482233502538071,llama_deepseek,"llama_70b,deepseek_v3",209
correctness_extra_trees,0.9086294416243654,6.117810659898477e-05,0.9086294416243654,0.04568527918781726,0.5685279187817259,llama_deepseek,"llama_70b,deepseek_v3",209
correctness_tfidf_logistic,0.9187817258883249,6.494139086294416e-05,0.9187817258883249,0.03553299492385787,0.4517766497461929,llama_deepseek,"llama_70b,deepseek_v3",209
always_llama_70b,0.8984771573604061,5.5231918781725885e-05,0.8984771573604061,0.050761421319796954,0.949238578680203,llama_deepseek,"llama_70b,deepseek_v3",210
always_deepseek_v3,0.9187817258883249,7.110250761421321e-05,0.9187817258883249,0.030456852791878174,0.050761421319796954,llama_deepseek,"llama_70b,deepseek_v3",210
oracle,0.949238578680203,5.6496451776649744e-05,0.949238578680203,0.0,1.0,llama_deepseek,"llama_70b,deepseek_v3",210
random,0.9187817258883249,6.264969543147208e-05,0.9187817258883249,0.030456852791878174,0.5279187817258884,llama_deepseek,"llama_70b,deepseek_v3",210
correctness_logistic,0.9137055837563451,6.198220812182742e-05,0.9137055837563451,0.03553299492385787,0.5786802030456852,llama_deepseek,"llama_70b,deepseek_v3",210
correctness_random_forest,0.9187817258883249,6.342447208121828e-05,0.9187817258883249,0.030456852791878174,0.5736040609137056,llama_deepseek,"llama_70b,deepseek_v3",210
correctness_extra_trees,0.9187817258883249,6.287354314720812e-05,0.9187817258883249,0.030456852791878174,0.5380710659898477,llama_deepseek,"llama_70b,deepseek_v3",210
correctness_tfidf_logistic,0.9238578680203046,6.414026903553299e-05,0.9238578680203046,0.025380710659898477,0.5329949238578681,llama_deepseek,"llama_70b,deepseek_v3",210
always_llama_70b,0.8781725888324873,5.2385548223350255e-05,0.8781725888324873,0.08629441624365482,0.9137055837563451,llama_deepseek,"llama_70b,deepseek_v3",211
always_deepseek_v3,0.9238578680203046,7.02808730964467e-05,0.9238578680203046,0.04060913705583756,0.08629441624365482,llama_deepseek,"llama_70b,deepseek_v3",211
oracle,0.9644670050761421,5.377303553299494e-05,0.9644670050761421,0.0,1.0,llama_deepseek,"llama_70b,deepseek_v3",211
random,0.9086294416243654,6.150408121827412e-05,0.9086294416243654,0.05583756345177665,0.49238578680203043,llama_deepseek,"llama_70b,deepseek_v3",211
correctness_logistic,0.9086294416243654,5.803947208121827e-05,0.9086294416243654,0.05583756345177665,0.5025380710659898,llama_deepseek,"llama_70b,deepseek_v3",211
correctness_random_forest,0.9086294416243654,5.803390862944163e-05,0.9086294416243654,0.05583756345177665,0.4416243654822335,llama_deepseek,"llama_70b,deepseek_v3",211
correctness_extra_trees,0.8984771573604061,5.811580710659899e-05,0.8984771573604061,0.06598984771573604,0.48223350253807107,llama_deepseek,"llama_70b,deepseek_v3",211
correctness_tfidf_logistic,0.9035532994923858,5.903712182741117e-05,0.9035532994923858,0.06091370558375635,0.49746192893401014,llama_deepseek,"llama_70b,deepseek_v3",211
always_llama_70b,0.9137055837563451,5.619367005076142e-05,0.9137055837563451,0.06091370558375635,0.9390862944162437,llama_deepseek,"llama_70b,deepseek_v3",212
always_deepseek_v3,0.9390862944162437,6.979804060913705e-05,0.9390862944162437,0.03553299492385787,0.06091370558375635,llama_deepseek,"llama_70b,deepseek_v3",212
oracle,0.9746192893401016,5.665617766497461e-05,0.9746192893401016,0.0,1.0,llama_deepseek,"llama_70b,deepseek_v3",212
random,0.9137055837563451,6.172692893401016e-05,0.9137055837563451,0.06091370558375635,0.5177664974619289,llama_deepseek,"llama_70b,deepseek_v3",212
correctness_logistic,0.9593908629441624,6.305345685279188e-05,0.9593908629441624,0.015228426395939087,0.48223350253807107,llama_deepseek,"llama_70b,deepseek_v3",212
correctness_random_forest,0.9289340101522843,6.262544162436549e-05,0.9289340101522843,0.04568527918781726,0.40609137055837563,llama_deepseek,"llama_70b,deepseek_v3",212
correctness_extra_trees,0.9543147208121827,6.0935233502538064e-05,0.9543147208121827,0.02030456852791878,0.48223350253807107,llama_deepseek,"llama_70b,deepseek_v3",212
correctness_tfidf_logistic,0.9593908629441624,6.321140101522843e-05,0.9593908629441624,0.015228426395939087,0.48223350253807107,llama_deepseek,"llama_70b,deepseek_v3",212
always_llama_70b,0.9035532994923858,5.2318335025380705e-05,0.9035532994923858,0.05583756345177665,0.9441624365482234,llama_deepseek,"llama_70b,deepseek_v3",213
always_deepseek_v3,0.9187817258883249,7.078959390862945e-05,0.9187817258883249,0.04060913705583756,0.05583756345177665,llama_deepseek,"llama_70b,deepseek_v3",213
oracle,0.9593908629441624,5.353432487309645e-05,0.9593908629441624,0.0,1.0,llama_deepseek,"llama_70b,deepseek_v3",213
random,0.9137055837563451,5.960675634517767e-05,0.9137055837563451,0.04568527918781726,0.5228426395939086,llama_deepseek,"llama_70b,deepseek_v3",213
correctness_logistic,0.9238578680203046,6.290934010152285e-05,0.9238578680203046,0.03553299492385787,0.4873096446700508,llama_deepseek,"llama_70b,deepseek_v3",213
correctness_random_forest,0.934010152284264,6.054153299492386e-05,0.934010152284264,0.025380710659898477,0.5025380710659898,llama_deepseek,"llama_70b,deepseek_v3",213
correctness_extra_trees,0.934010152284264,5.918778680203046e-05,0.934010152284264,0.025380710659898477,0.5634517766497462,llama_deepseek,"llama_70b,deepseek_v3",213
correctness_tfidf_logistic,0.934010152284264,6.308394416243654e-05,0.934010152284264,0.025380710659898477,0.4517766497461929,llama_deepseek,"llama_70b,deepseek_v3",213
always_llama_70b,0.8934010152284264,5.543262436548224e-05,0.8934010152284264,0.04568527918781726,0.9543147208121827,llama_deepseek,"llama_70b,deepseek_v3",214
always_deepseek_v3,0.9137055837563451,7.104868020304568e-05,0.9137055837563451,0.025380710659898477,0.04568527918781726,llama_deepseek,"llama_70b,deepseek_v3",214
oracle,0.9390862944162437,5.571023857868021e-05,0.9390862944162437,0.0,1.0,llama_deepseek,"llama_70b,deepseek_v3",214
random,0.8883248730964467,6.242841624365481e-05,0.8883248730964467,0.050761421319796954,0.5126903553299492,llama_deepseek,"llama_70b,deepseek_v3",214
correctness_logistic,0.9137055837563451,6.432021319796954e-05,0.9137055837563451,0.025380710659898477,0.5329949238578681,llama_deepseek,"llama_70b,deepseek_v3",214
correctness_random_forest,0.9035532994923858,6.292644670050761e-05,0.9035532994923858,0.03553299492385787,0.4873096446700508,llama_deepseek,"llama_70b,deepseek_v3",214
correctness_extra_trees,0.9086294416243654,6.33453959390863e-05,0.9086294416243654,0.030456852791878174,0.6040609137055838,llama_deepseek,"llama_70b,deepseek_v3",214
correctness_tfidf_logistic,0.9086294416243654,6.468032487309645e-05,0.9086294416243654,0.030456852791878174,0.5126903553299492,llama_deepseek,"llama_70b,deepseek_v3",214
always_llama_70b,0.8883248730964467,5.2553807106598985e-05,0.8883248730964467,0.04568527918781726,0.9543147208121827,llama_deepseek,"llama_70b,deepseek_v3",215
always_deepseek_v3,0.8934010152284264,7.083936040609137e-05,0.8934010152284264,0.04060913705583756,0.04568527918781726,llama_deepseek,"llama_70b,deepseek_v3",215
oracle,0.934010152284264,5.301449238578681e-05,0.934010152284264,0.0,1.0,llama_deepseek,"llama_70b,deepseek_v3",215
random,0.8883248730964467,6.307121319796955e-05,0.8883248730964467,0.04568527918781726,0.4720812182741117,llama_deepseek,"llama_70b,deepseek_v3",215
correctness_logistic,0.9086294416243654,5.907959390862943e-05,0.9086294416243654,0.025380710659898477,0.467005076142132,llama_deepseek,"llama_70b,deepseek_v3",215
correctness_random_forest,0.9086294416243654,5.8460609137055845e-05,0.9086294416243654,0.025380710659898477,0.49238578680203043,llama_deepseek,"llama_70b,deepseek_v3",215
correctness_extra_trees,0.9086294416243654,5.7978218274111675e-05,0.9086294416243654,0.025380710659898477,0.5076142131979695,llama_deepseek,"llama_70b,deepseek_v3",215
correctness_tfidf_logistic,0.9086294416243654,6.16601573604061e-05,0.9086294416243654,0.025380710659898477,0.40609137055837563,llama_deepseek,"llama_70b,deepseek_v3",215
always_llama_70b,0.8578680203045685,5.440295431472082e-05,0.8578680203045685,0.07106598984771574,0.9289340101522843,llama_deepseek,"llama_70b,deepseek_v3",216
always_deepseek_v3,0.868020304568528,6.926663959390862e-05,0.868020304568528,0.06091370558375635,0.07106598984771574,llama_deepseek,"llama_70b,deepseek_v3",216
oracle,0.9289340101522843,5.475683756345177e-05,0.9289340101522843,0.0,1.0,llama_deepseek,"llama_70b,deepseek_v3",216
random,0.868020304568528,5.95950964467005e-05,0.868020304568528,0.06091370558375635,0.4720812182741117,llama_deepseek,"llama_70b,deepseek_v3",216
correctness_logistic,0.8934010152284264,6.230521827411168e-05,0.8934010152284264,0.03553299492385787,0.49746192893401014,llama_deepseek,"llama_70b,deepseek_v3",216
correctness_random_forest,0.868020304568528,6.42993502538071e-05,0.868020304568528,0.06091370558375635,0.27411167512690354,llama_deepseek,"llama_70b,deepseek_v3",216
correctness_extra_trees,0.8934010152284264,6.347064467005075e-05,0.8934010152284264,0.03553299492385787,0.40609137055837563,llama_deepseek,"llama_70b,deepseek_v3",216
correctness_tfidf_logistic,0.8934010152284264,6.119560913705585e-05,0.8934010152284264,0.03553299492385787,0.45685279187817257,llama_deepseek,"llama_70b,deepseek_v3",216
always_llama_70b,0.9086294416243654,5.153547208121828e-05,0.9086294416243654,0.050761421319796954,0.949238578680203,llama_deepseek,"llama_70b,deepseek_v3",217
always_deepseek_v3,0.9137055837563451,6.876153299492386e-05,0.9137055837563451,0.04568527918781726,0.050761421319796954,llama_deepseek,"llama_70b,deepseek_v3",217
oracle,0.9593908629441624,5.163555837563452e-05,0.9593908629441624,0.0,1.0,llama_deepseek,"llama_70b,deepseek_v3",217
random,0.9137055837563451,6.0307451776649745e-05,0.9137055837563451,0.04568527918781726,0.4873096446700508,llama_deepseek,"llama_70b,deepseek_v3",217
correctness_logistic,0.9238578680203046,5.931282741116751e-05,0.9238578680203046,0.03553299492385787,0.4263959390862944,llama_deepseek,"llama_70b,deepseek_v3",217
correctness_random_forest,0.9187817258883249,6.17235888324873e-05,0.9187817258883249,0.04060913705583756,0.38578680203045684,llama_deepseek,"llama_70b,deepseek_v3",217
correctness_extra_trees,0.934010152284264,6.1083e-05,0.934010152284264,0.025380710659898477,0.49238578680203043,llama_deepseek,"llama_70b,deepseek_v3",217
correctness_tfidf_logistic,0.9187817258883249,6.150556852791878e-05,0.9187817258883249,0.04060913705583756,0.37055837563451777,llama_deepseek,"llama_70b,deepseek_v3",217
always_llama_70b,0.9035532994923858,5.689464974619289e-05,0.9035532994923858,0.05583756345177665,0.9441624365482234,llama_deepseek,"llama_70b,deepseek_v3",218
always_deepseek_v3,0.9086294416243654,7.092621319796955e-05,0.9086294416243654,0.050761421319796954,0.05583756345177665,llama_deepseek,"llama_70b,deepseek_v3",218
oracle,0.9593908629441624,5.765295431472081e-05,0.9593908629441624,0.0,1.0,llama_deepseek,"llama_70b,deepseek_v3",218
random,0.8984771573604061,6.091680710659897e-05,0.8984771573604061,0.06091370558375635,0.5177664974619289,llama_deepseek,"llama_70b,deepseek_v3",218
correctness_logistic,0.9086294416243654,6.161439593908628e-05,0.9086294416243654,0.050761421319796954,0.39593908629441626,llama_deepseek,"llama_70b,deepseek_v3",218
correctness_random_forest,0.9035532994923858,5.876508629441624e-05,0.9035532994923858,0.05583756345177665,0.39593908629441626,llama_deepseek,"llama_70b,deepseek_v3",218
correctness_extra_trees,0.9035532994923858,6.197640609137056e-05,0.9035532994923858,0.05583756345177665,0.41624365482233505,llama_deepseek,"llama_70b,deepseek_v3",218
correctness_tfidf_logistic,0.9086294416243654,6.2512730964467e-05,0.9086294416243654,0.050761421319796954,0.3604060913705584,llama_deepseek,"llama_70b,deepseek_v3",218
always_llama_70b,0.9035532994923858,5.302963959390863e-05,0.9035532994923858,0.05583756345177665,0.9441624365482234,llama_deepseek,"llama_70b,deepseek_v3",219
always_deepseek_v3,0.8883248730964467,7.003374619289339e-05,0.8883248730964467,0.07106598984771574,0.05583756345177665,llama_deepseek,"llama_70b,deepseek_v3",219
oracle,0.9593908629441624,5.431219289340101e-05,0.9593908629441624,0.0,1.0,llama_deepseek,"llama_70b,deepseek_v3",219
random,0.8883248730964467,6.054559898477157e-05,0.8883248730964467,0.07106598984771574,0.49746192893401014,llama_deepseek,"llama_70b,deepseek_v3",219
correctness_logistic,0.9238578680203046,6.532649746192894e-05,0.9238578680203046,0.03553299492385787,0.4517766497461929,llama_deepseek,"llama_70b,deepseek_v3",219
correctness_random_forest,0.8984771573604061,6.484480203045685e-05,0.8984771573604061,0.06091370558375635,0.4263959390862944,llama_deepseek,"llama_70b,deepseek_v3",219
correctness_extra_trees,0.9035532994923858,6.488294923857867e-05,0.9035532994923858,0.05583756345177665,0.5076142131979695,llama_deepseek,"llama_70b,deepseek_v3",219
correctness_tfidf_logistic,0.9238578680203046,6.449529441624365e-05,0.9238578680203046,0.03553299492385787,0.4467005076142132,llama_deepseek,"llama_70b,deepseek_v3",219
always_llama_70b,0.8883248730964467,5.3722385786802025e-05,0.8883248730964467,0.06091370558375635,0.9390862944162437,llama_deepseek,"llama_70b,deepseek_v3",220
always_deepseek_v3,0.9035532994923858,6.899011167512691e-05,0.9035532994923858,0.04568527918781726,0.06091370558375635,llama_deepseek,"llama_70b,deepseek_v3",220
oracle,0.949238578680203,5.420775634517767e-05,0.949238578680203,0.0,1.0,llama_deepseek,"llama_70b,deepseek_v3",220
random,0.883248730964467,6.29295888324873e-05,0.883248730964467,0.06598984771573604,0.4263959390862944,llama_deepseek,"llama_70b,deepseek_v3",220
correctness_logistic,0.9289340101522843,6.266962944162437e-05,0.9289340101522843,0.02030456852791878,0.5329949238578681,llama_deepseek,"llama_70b,deepseek_v3",220
correctness_random_forest,0.9137055837563451,6.310551776649746e-05,0.9137055837563451,0.03553299492385787,0.467005076142132,llama_deepseek,"llama_70b,deepseek_v3",220
correctness_extra_trees,0.9086294416243654,6.482409644670051e-05,0.9086294416243654,0.04060913705583756,0.4416243654822335,llama_deepseek,"llama_70b,deepseek_v3",220
correctness_tfidf_logistic,0.9137055837563451,6.4645730964467e-05,0.9137055837563451,0.03553299492385787,0.4619289340101523,llama_deepseek,"llama_70b,deepseek_v3",220
always_llama_70b,0.8984771573604061,5.3393e-05,0.8984771573604061,0.06091370558375635,0.9390862944162437,llama_deepseek,"llama_70b,deepseek_v3",221
always_deepseek_v3,0.934010152284264,6.974081218274113e-05,0.934010152284264,0.025380710659898477,0.06091370558375635,llama_deepseek,"llama_70b,deepseek_v3",221
oracle,0.9593908629441624,5.4611568527918776e-05,0.9593908629441624,0.0,1.0,llama_deepseek,"llama_70b,deepseek_v3",221
random,0.8984771573604061,5.936768020304568e-05,0.8984771573604061,0.06091370558375635,0.5025380710659898,llama_deepseek,"llama_70b,deepseek_v3",221
correctness_logistic,0.934010152284264,6.223816243654822e-05,0.934010152284264,0.025380710659898477,0.49238578680203043,llama_deepseek,"llama_70b,deepseek_v3",221
correctness_random_forest,0.9187817258883249,6.182377157360406e-05,0.9187817258883249,0.04060913705583756,0.467005076142132,llama_deepseek,"llama_70b,deepseek_v3",221
correctness_extra_trees,0.9289340101522843,6.19334923857868e-05,0.9289340101522843,0.030456852791878174,0.4873096446700508,llama_deepseek,"llama_70b,deepseek_v3",221
correctness_tfidf_logistic,0.934010152284264,6.24399847715736e-05,0.934010152284264,0.025380710659898477,0.4467005076142132,llama_deepseek,"llama_70b,deepseek_v3",221
always_llama_70b,0.8984771573604061,5.131537563451777e-05,0.8984771573604061,0.04060913705583756,0.9593908629441624,llama_deepseek,"llama_70b,deepseek_v3",222
always_deepseek_v3,0.9187817258883249,6.96607614213198e-05,0.9187817258883249,0.02030456852791878,0.04060913705583756,llama_deepseek,"llama_70b,deepseek_v3",222
oracle,0.9390862944162437,5.2771817258883255e-05,0.9390862944162437,0.0,1.0,llama_deepseek,"llama_70b,deepseek_v3",222
random,0.9086294416243654,6.021946700507615e-05,0.9086294416243654,0.030456852791878174,0.4619289340101523,llama_deepseek,"llama_70b,deepseek_v3",222
correctness_logistic,0.9187817258883249,6.13721116751269e-05,0.9187817258883249,0.02030456852791878,0.5329949238578681,llama_deepseek,"llama_70b,deepseek_v3",222
correctness_random_forest,0.9137055837563451,6.018145685279188e-05,0.9137055837563451,0.025380710659898477,0.5329949238578681,llama_deepseek,"llama_70b,deepseek_v3",222
correctness_extra_trees,0.9187817258883249,6.137359390862945e-05,0.9187817258883249,0.02030456852791878,0.5482233502538071,llama_deepseek,"llama_70b,deepseek_v3",222
correctness_tfidf_logistic,0.9238578680203046,6.2438269035533e-05,0.9238578680203046,0.015228426395939087,0.48223350253807107,llama_deepseek,"llama_70b,deepseek_v3",222
always_llama_70b,0.868020304568528,5.415768020304568e-05,0.868020304568528,0.07106598984771574,0.9289340101522843,llama_deepseek,"llama_70b,deepseek_v3",223
always_deepseek_v3,0.8984771573604061,7.251035532994923e-05,0.8984771573604061,0.04060913705583756,0.07106598984771574,llama_deepseek,"llama_70b,deepseek_v3",223
oracle,0.9390862944162437,5.5458639593908635e-05,0.9390862944162437,0.0,1.0,llama_deepseek,"llama_70b,deepseek_v3",223
random,0.8883248730964467,6.128641116751268e-05,0.8883248730964467,0.050761421319796954,0.5685279187817259,llama_deepseek,"llama_70b,deepseek_v3",223
correctness_logistic,0.8883248730964467,5.8384548223350257e-05,0.8883248730964467,0.050761421319796954,0.6294416243654822,llama_deepseek,"llama_70b,deepseek_v3",223
correctness_random_forest,0.8883248730964467,5.889034010152284e-05,0.8883248730964467,0.050761421319796954,0.5076142131979695,llama_deepseek,"llama_70b,deepseek_v3",223
correctness_extra_trees,0.8934010152284264,6.177028426395939e-05,0.8934010152284264,0.04568527918781726,0.5634517766497462,llama_deepseek,"llama_70b,deepseek_v3",223
correctness_tfidf_logistic,0.8883248730964467,5.919328934010152e-05,0.8883248730964467,0.050761421319796954,0.6040609137055838,llama_deepseek,"llama_70b,deepseek_v3",223
always_llama_70b,0.9238578680203046,5.34706040609137e-05,0.9238578680203046,0.04060913705583756,0.9593908629441624,llama_deepseek,"llama_70b,deepseek_v3",224
always_deepseek_v3,0.9187817258883249,7.188768527918782e-05,0.9187817258883249,0.04568527918781726,0.04060913705583756,llama_deepseek,"llama_70b,deepseek_v3",224
oracle,0.9644670050761421,5.4168218274111676e-05,0.9644670050761421,0.0,1.0,llama_deepseek,"llama_70b,deepseek_v3",224
random,0.9289340101522843,6.172631472081218e-05,0.9289340101522843,0.03553299492385787,0.49238578680203043,llama_deepseek,"llama_70b,deepseek_v3",224
correctness_logistic,0.9187817258883249,6.12359847715736e-05,0.9187817258883249,0.04568527918781726,0.4467005076142132,llama_deepseek,"llama_70b,deepseek_v3",224
correctness_random_forest,0.9187817258883249,6.105160406091371e-05,0.9187817258883249,0.04568527918781726,0.4416243654822335,llama_deepseek,"llama_70b,deepseek_v3",224
correctness_extra_trees,0.9289340101522843,6.338243147208122e-05,0.9289340101522843,0.03553299492385787,0.4720812182741117,llama_deepseek,"llama_70b,deepseek_v3",224
correctness_tfidf_logistic,0.9238578680203046,6.457413197969544e-05,0.9238578680203046,0.04060913705583756,0.4263959390862944,llama_deepseek,"llama_70b,deepseek_v3",224
always_llama_70b,0.9035532994923858,5.3938969543147214e-05,0.9035532994923858,0.050761421319796954,0.949238578680203,llama_deepseek,"llama_70b,deepseek_v3",225
always_deepseek_v3,0.8781725888324873,7.086335025380711e-05,0.8781725888324873,0.07614213197969544,0.050761421319796954,llama_deepseek,"llama_70b,deepseek_v3",225
oracle,0.9543147208121827,5.577157868020305e-05,0.9543147208121827,0.0,1.0,llama_deepseek,"llama_70b,deepseek_v3",225
random,0.883248730964467,6.169290355329949e-05,0.883248730964467,0.07106598984771574,0.5076142131979695,llama_deepseek,"llama_70b,deepseek_v3",225
correctness_logistic,0.9086294416243654,5.9624517766497466e-05,0.9086294416243654,0.04568527918781726,0.6294416243654822,llama_deepseek,"llama_70b,deepseek_v3",225
correctness_random_forest,0.883248730964467,5.932736040609138e-05,0.883248730964467,0.07106598984771574,0.45685279187817257,llama_deepseek,"llama_70b,deepseek_v3",225
correctness_extra_trees,0.8934010152284264,6.145117766497463e-05,0.8934010152284264,0.06091370558375635,0.5380710659898477,llama_deepseek,"llama_70b,deepseek_v3",225
correctness_tfidf_logistic,0.9086294416243654,6.055154822335025e-05,0.9086294416243654,0.04568527918781726,0.5532994923857868,llama_deepseek,"llama_70b,deepseek_v3",225
always_llama_70b,0.8730964467005076,5.173893908629442e-05,0.8730964467005076,0.05583756345177665,0.9441624365482234,llama_deepseek,"llama_70b,deepseek_v3",226
always_deepseek_v3,0.8934010152284264,6.863447715736041e-05,0.8934010152284264,0.03553299492385787,0.05583756345177665,llama_deepseek,"llama_70b,deepseek_v3",226
oracle,0.9289340101522843,5.188256852791878e-05,0.9289340101522843,0.0,1.0,llama_deepseek,"llama_70b,deepseek_v3",226
random,0.8883248730964467,6.0134446700507615e-05,0.8883248730964467,0.04060913705583756,0.467005076142132,llama_deepseek,"llama_70b,deepseek_v3",226
correctness_logistic,0.8984771573604061,6.0404131979695435e-05,0.8984771573604061,0.030456852791878174,0.4619289340101523,llama_deepseek,"llama_70b,deepseek_v3",226
correctness_random_forest,0.8984771573604061,6.15732538071066e-05,0.8984771573604061,0.030456852791878174,0.47715736040609136,llama_deepseek,"llama_70b,deepseek_v3",226
correctness_extra_trees,0.8984771573604061,6.030259898477157e-05,0.8984771573604061,0.030456852791878174,0.5532994923857868,llama_deepseek,"llama_70b,deepseek_v3",226
correctness_tfidf_logistic,0.8984771573604061,6.101783756345178e-05,0.8984771573604061,0.030456852791878174,0.4619289340101523,llama_deepseek,"llama_70b,deepseek_v3",226
always_llama_70b,0.8984771573604061,5.507285279187817e-05,0.8984771573604061,0.08121827411167512,0.9187817258883249,llama_deepseek,"llama_70b,deepseek_v3",227
always_deepseek_v3,0.9238578680203046,7.162141116751269e-05,0.9238578680203046,0.05583756345177665,0.08121827411167512,llama_deepseek,"llama_70b,deepseek_v3",227
oracle,0.9796954314720813,5.631498984771573e-05,0.9796954314720813,0.0,1.0,llama_deepseek,"llama_70b,deepseek_v3",227
random,0.9137055837563451,6.61115076142132e-05,0.9137055837563451,0.06598984771573604,0.5228426395939086,llama_deepseek,"llama_70b,deepseek_v3",227
correctness_logistic,0.9238578680203046,6.311080203045686e-05,0.9238578680203046,0.05583756345177665,0.5532994923857868,llama_deepseek,"llama_70b,deepseek_v3",227
correctness_random_forest,0.9238578680203046,6.309265482233503e-05,0.9238578680203046,0.05583756345177665,0.5786802030456852,llama_deepseek,"llama_70b,deepseek_v3",227
correctness_extra_trees,0.9238578680203046,6.39083654822335e-05,0.9238578680203046,0.05583756345177665,0.5532994923857868,llama_deepseek,"llama_70b,deepseek_v3",227
correctness_tfidf_logistic,0.9137055837563451,6.307948223350254e-05,0.9137055837563451,0.06598984771573604,0.5126903553299492,llama_deepseek,"llama_70b,deepseek_v3",227
always_llama_70b,0.8984771573604061,5.838167512690355e-05,0.8984771573604061,0.04568527918781726,0.9543147208121827,llama_deepseek,"llama_70b,deepseek_v3",228
always_deepseek_v3,0.9086294416243654,7.314651776649746e-05,0.9086294416243654,0.03553299492385787,0.04568527918781726,llama_deepseek,"llama_70b,deepseek_v3",228
oracle,0.9441624365482234,5.941439593908629e-05,0.9441624365482234,0.0,1.0,llama_deepseek,"llama_70b,deepseek_v3",228
random,0.8984771573604061,6.851538578680203e-05,0.8984771573604061,0.04568527918781726,0.4365482233502538,llama_deepseek,"llama_70b,deepseek_v3",228
correctness_logistic,0.8984771573604061,6.45360152284264e-05,0.8984771573604061,0.04568527918781726,0.49238578680203043,llama_deepseek,"llama_70b,deepseek_v3",228
correctness_random_forest,0.9086294416243654,6.517805583756346e-05,0.9086294416243654,0.03553299492385787,0.4467005076142132,llama_deepseek,"llama_70b,deepseek_v3",228
correctness_extra_trees,0.9086294416243654,6.552877664974618e-05,0.9086294416243654,0.03553299492385787,0.5228426395939086,llama_deepseek,"llama_70b,deepseek_v3",228
correctness_tfidf_logistic,0.8984771573604061,6.622468020304568e-05,0.8984771573604061,0.04568527918781726,0.4517766497461929,llama_deepseek,"llama_70b,deepseek_v3",228
always_llama_70b,0.8781725888324873,5.466173604060913e-05,0.8781725888324873,0.050761421319796954,0.949238578680203,llama_deepseek,"llama_70b,deepseek_v3",229
always_deepseek_v3,0.9137055837563451,6.778710659898477e-05,0.9137055837563451,0.015228426395939087,0.050761421319796954,llama_deepseek,"llama_70b,deepseek_v3",229
oracle,0.9289340101522843,5.6177695431472074e-05,0.9289340101522843,0.0,1.0,llama_deepseek,"llama_70b,deepseek_v3",229
random,0.8984771573604061,6.185181725888325e-05,0.8984771573604061,0.030456852791878174,0.48223350253807107,llama_deepseek,"llama_70b,deepseek_v3",229
correctness_logistic,0.9035532994923858,6.068619796954314e-05,0.9035532994923858,0.025380710659898477,0.5025380710659898,llama_deepseek,"llama_70b,deepseek_v3",229
correctness_random_forest,0.9035532994923858,6.0908192893401014e-05,0.9035532994923858,0.025380710659898477,0.4619289340101523,llama_deepseek,"llama_70b,deepseek_v3",229
correctness_extra_trees,0.883248730964467,6.040446192893401e-05,0.883248730964467,0.04568527918781726,0.5126903553299492,llama_deepseek,"llama_70b,deepseek_v3",229
correctness_tfidf_logistic,0.8984771573604061,6.179094923857868e-05,0.8984771573604061,0.030456852791878174,0.45685279187817257,llama_deepseek,"llama_70b,deepseek_v3",229
