group,models,policy,accuracy_mean,accuracy_std,avg_cost_mean
gemini_flash_lite_gemini_flash,"gemini_flash_lite,gemini_flash",always_gemini_flash_lite,0.9292724196277496,0.02012582507137031,0.000122125
gemini_flash_lite_gemini_flash,"gemini_flash_lite,gemini_flash",always_gemini_flash,0.8769881556683587,0.024020374307983944,0.00018964697123519458
gemini_flash_lite_gemini_flash,"gemini_flash_lite,gemini_flash",random,0.9045685279187817,0.022162502217963592,0.00015579346023688665
gemini_flash_lite_gemini_flash,"gemini_flash_lite,gemini_flash",oracle,0.9458544839255499,0.018726214715834074,0.0001240887986463621
gemini_flash_lite_gemini_flash,"gemini_flash_lite,gemini_flash",logistic_router,0.9189509306260575,0.021307429474178973,0.00013389439932318106
gemini_flash_lite_gemini_flash,"gemini_flash_lite,gemini_flash",linear_svm_router,0.9211505922165821,0.02253358162084237,0.00013090453468697123
gemini_flash_lite_gemini_flash,"gemini_flash_lite,gemini_flash",knn_router,0.9292724196277496,0.02012582507137031,0.0001222053807106599
gemini_flash_lite_gemini_flash,"gemini_flash_lite,gemini_flash",decision_tree_router,0.927072758037225,0.02109789806794425,0.00013779376480541454
gemini_flash_lite_gemini_flash,"gemini_flash_lite,gemini_flash",random_forest_router,0.9282571912013536,0.020380277779780652,0.00012279604060913706
gemini_flash_lite_gemini_flash,"gemini_flash_lite,gemini_flash",extra_trees_router,0.9238578680203046,0.02090823276266636,0.00012568080372250424
gemini_flash_lite_qwen_30b,"gemini_flash_lite,qwen_30b",always_gemini_flash_lite,0.9292724196277496,0.02012582507137031,0.000122125
gemini_flash_lite_qwen_30b,"gemini_flash_lite,qwen_30b",always_qwen_30b,0.8998307952622674,0.019129917511367396,2.531397394247039e-05
gemini_flash_lite_qwen_30b,"gemini_flash_lite,qwen_30b",random,0.9167512690355331,0.02164324998486077,7.321089414551608e-05
gemini_flash_lite_qwen_30b,"gemini_flash_lite,qwen_30b",oracle,0.9568527918781726,0.01736819410887986,0.00011868188331641286
gemini_flash_lite_qwen_30b,"gemini_flash_lite,qwen_30b",logistic_router,0.9238578680203046,0.0180333045659927,9.828037001692047e-05
gemini_flash_lite_qwen_30b,"gemini_flash_lite,qwen_30b",linear_svm_router,0.9225042301184433,0.01999294090563844,0.00010750723790186124
gemini_flash_lite_qwen_30b,"gemini_flash_lite,qwen_30b",knn_router,0.9291032148900169,0.02006170762694422,0.00012181980338409476
gemini_flash_lite_qwen_30b,"gemini_flash_lite,qwen_30b",decision_tree_router,0.9084602368866328,0.017809372053956406,7.14021381387479e-05
gemini_flash_lite_qwen_30b,"gemini_flash_lite,qwen_30b",random_forest_router,0.9250423011844332,0.019440906066142533,0.00012005422118443318
gemini_flash_lite_qwen_30b,"gemini_flash_lite,qwen_30b",extra_trees_router,0.92165820642978,0.020465115906502986,0.00011364705035532995
gemini_flash_lite_llama_70b,"gemini_flash_lite,llama_70b",always_gemini_flash_lite,0.9292724196277496,0.02012582507137031,0.000122125
gemini_flash_lite_llama_70b,"gemini_flash_lite,llama_70b",always_llama_70b,0.8950930626057529,0.020837285042776554,5.354493147208122e-05
gemini_flash_lite_llama_70b,"gemini_flash_lite,llama_70b",random,0.9143824027072758,0.023155886810501305,8.770202758037225e-05
gemini_flash_lite_llama_70b,"gemini_flash_lite,llama_70b",oracle,0.9566835871404399,0.016037403454174478,0.00012015443519458545
gemini_flash_lite_llama_70b,"gemini_flash_lite,llama_70b",logistic_router,0.9148900169204738,0.023722604942056087,0.00010357729086294416
gemini_flash_lite_llama_70b,"gemini_flash_lite,llama_70b",linear_svm_router,0.9152284263959392,0.02366510460313378,0.00011002312741116751
gemini_flash_lite_llama_70b,"gemini_flash_lite,llama_70b",knn_router,0.9292724196277496,0.02012582507137031,0.0001220541116751269
gemini_flash_lite_llama_70b,"gemini_flash_lite,llama_70b",decision_tree_router,0.9201353637901861,0.020475967167931004,9.586726717428088e-05
gemini_flash_lite_llama_70b,"gemini_flash_lite,llama_70b",random_forest_router,0.9258883248730965,0.022488848595170526,0.0001193210622673435
gemini_flash_lite_llama_70b,"gemini_flash_lite,llama_70b",extra_trees_router,0.9201353637901861,0.02331648992079671,0.00011529474788494078
gemini_flash_lite_deepseek_v3,"gemini_flash_lite,deepseek_v3",always_gemini_flash_lite,0.9292724196277496,0.02012582507137031,0.000122125
gemini_flash_lite_deepseek_v3,"gemini_flash_lite,deepseek_v3",always_deepseek_v3,0.9071065989847715,0.020046938994475166,7.057821015228426e-05
gemini_flash_lite_deepseek_v3,"gemini_flash_lite,deepseek_v3",random,0.9174280879864636,0.024103459159546786,9.615085719120135e-05
gemini_flash_lite_deepseek_v3,"gemini_flash_lite,deepseek_v3",oracle,0.9570219966159053,0.01464749533454759,0.0001199660592216582
gemini_flash_lite_deepseek_v3,"gemini_flash_lite,deepseek_v3",logistic_router,0.9238578680203046,0.019862150117282363,0.00011087026091370559
gemini_flash_lite_deepseek_v3,"gemini_flash_lite,deepseek_v3",linear_svm_router,0.927580372250423,0.020562571109345427,0.00011636184263959392
gemini_flash_lite_deepseek_v3,"gemini_flash_lite,deepseek_v3",knn_router,0.9291032148900169,0.01997293202672793,0.00012193624703891709
gemini_flash_lite_deepseek_v3,"gemini_flash_lite,deepseek_v3",decision_tree_router,0.9186125211505922,0.018542639420845053,0.00010197320676818952
gemini_flash_lite_deepseek_v3,"gemini_flash_lite,deepseek_v3",random_forest_router,0.9263959390862944,0.020769660231096724,0.00011995737191201353
gemini_flash_lite_deepseek_v3,"gemini_flash_lite,deepseek_v3",extra_trees_router,0.9236886632825719,0.020238090602583712,0.00011806306429780034
gemini_flash_lite_granite_8b,"gemini_flash_lite,granite_8b",always_gemini_flash_lite,0.9292724196277496,0.02012582507137031,0.000122125
gemini_flash_lite_granite_8b,"gemini_flash_lite,granite_8b",always_granite_8b,0.8463620981387479,0.02522033466290163,1.5969788494077833e-05
gemini_flash_lite_granite_8b,"gemini_flash_lite,granite_8b",random,0.888155668358714,0.02167948332037114,6.85475972927242e-05
gemini_flash_lite_granite_8b,"gemini_flash_lite,granite_8b",oracle,0.9592216582064298,0.014138191557664456,0.00011820428934010153
gemini_flash_lite_granite_8b,"gemini_flash_lite,granite_8b",logistic_router,0.8991539763113366,0.015981904140921956,9.570356175972928e-05
gemini_flash_lite_granite_8b,"gemini_flash_lite,granite_8b",linear_svm_router,0.9111675126903553,0.019716226721632788,0.00010510073604060915
gemini_flash_lite_granite_8b,"gemini_flash_lite,granite_8b",knn_router,0.9292724196277496,0.02012582507137031,0.00012187445854483924
gemini_flash_lite_granite_8b,"gemini_flash_lite,granite_8b",decision_tree_router,0.8996615905245346,0.020894771233255706,8.177822335025381e-05
gemini_flash_lite_granite_8b,"gemini_flash_lite,granite_8b",random_forest_router,0.9240270727580372,0.019704205547298813,0.00011768173434856176
gemini_flash_lite_granite_8b,"gemini_flash_lite,granite_8b",extra_trees_router,0.9140439932318105,0.01899006569879828,0.00011335551607445008
gemini_flash_qwen_30b,"gemini_flash,qwen_30b",always_gemini_flash,0.8769881556683587,0.024020374307983944,0.00018964697123519458
gemini_flash_qwen_30b,"gemini_flash,qwen_30b",always_qwen_30b,0.8998307952622674,0.019129917511367396,2.531397394247039e-05
gemini_flash_qwen_30b,"gemini_flash,qwen_30b",random,0.88917089678511,0.02497783999607786,0.00010706440514382404
gemini_flash_qwen_30b,"gemini_flash,qwen_30b",oracle,0.9414551607445009,0.01821632213183062,0.0001782232110321489
gemini_flash_qwen_30b,"gemini_flash,qwen_30b",logistic_router,0.9023688663282571,0.019257222809719476,0.00014693623932318103
gemini_flash_qwen_30b,"gemini_flash,qwen_30b",linear_svm_router,0.8928934010152285,0.020232235944009594,0.00015496823587140442
gemini_flash_qwen_30b,"gemini_flash,qwen_30b",knn_router,0.8786802030456852,0.023408401028632637,0.00018613250159052453
gemini_flash_qwen_30b,"gemini_flash,qwen_30b",decision_tree_router,0.8967851099830796,0.02433823865408042,0.0001559365256175973
gemini_flash_qwen_30b,"gemini_flash,qwen_30b",random_forest_router,0.9033840947546531,0.021390667356625603,0.00016740942700507614
gemini_flash_qwen_30b,"gemini_flash,qwen_30b",extra_trees_router,0.9055837563451777,0.0201111035237407,0.00015370026551607445
gemini_flash_llama_70b,"gemini_flash,llama_70b",always_gemini_flash,0.8769881556683587,0.024020374307983944,0.00018964697123519458
gemini_flash_llama_70b,"gemini_flash,llama_70b",always_llama_70b,0.8950930626057529,0.020837285042776554,5.354493147208122e-05
gemini_flash_llama_70b,"gemini_flash,llama_70b",random,0.8868020304568528,0.027194102001987554,0.0001215555385786802
gemini_flash_llama_70b,"gemini_flash,llama_70b",oracle,0.9458544839255498,0.019008772056017073,0.00017961870253807105
gemini_flash_llama_70b,"gemini_flash,llama_70b",logistic_router,0.9020304568527919,0.02505124867160361,0.00015469540186125212
gemini_flash_llama_70b,"gemini_flash,llama_70b",linear_svm_router,0.8976311336717427,0.022976766818306366,0.00016101176345177664
gemini_flash_llama_70b,"gemini_flash,llama_70b",knn_router,0.8795262267343485,0.02391843422016156,0.00018717409813874788
gemini_flash_llama_70b,"gemini_flash,llama_70b",decision_tree_router,0.9032148900169205,0.023806729023474627,0.00015243661742808797
gemini_flash_llama_70b,"gemini_flash,llama_70b",random_forest_router,0.9096446700507614,0.022441387025709542,0.00017060178257191202
gemini_flash_llama_70b,"gemini_flash,llama_70b",extra_trees_router,0.9106598984771573,0.02080599140296366,0.00016221128409475463
gemini_flash_deepseek_v3,"gemini_flash,deepseek_v3",always_gemini_flash,0.8769881556683587,0.024020374307983944,0.00018964697123519458
gemini_flash_deepseek_v3,"gemini_flash,deepseek_v3",always_deepseek_v3,0.9071065989847715,0.020046938994475166,7.057821015228426e-05
gemini_flash_deepseek_v3,"gemini_flash,deepseek_v3",random,0.8898477157360406,0.029901881167559673,0.00013000436818950931
gemini_flash_deepseek_v3,"gemini_flash,deepseek_v3",oracle,0.9455160744500846,0.015881516637947075,0.00018013751336717426
gemini_flash_deepseek_v3,"gemini_flash,deepseek_v3",logistic_router,0.9104906937394247,0.020194139289804805,0.0001602537282571912
gemini_flash_deepseek_v3,"gemini_flash,deepseek_v3",linear_svm_router,0.9021996615905246,0.02446931219465375,0.00016457041556683586
gemini_flash_deepseek_v3,"gemini_flash,deepseek_v3",knn_router,0.8818950930626058,0.02436013322074373,0.00018650801556683588
gemini_flash_deepseek_v3,"gemini_flash,deepseek_v3",decision_tree_router,0.9040609137055837,0.02130186871738715,0.00016170678375634518
gemini_flash_deepseek_v3,"gemini_flash,deepseek_v3",random_forest_router,0.9076142131979695,0.02130395417127804,0.00017556698104906937
gemini_flash_deepseek_v3,"gemini_flash,deepseek_v3",extra_trees_router,0.9109983079526227,0.02093937360456511,0.0001657923363790186
gemini_flash_granite_8b,"gemini_flash,granite_8b",always_gemini_flash,0.8769881556683587,0.024020374307983944,0.00018964697123519458
gemini_flash_granite_8b,"gemini_flash,granite_8b",always_granite_8b,0.8463620981387479,0.02522033466290163,1.5969788494077833e-05
gemini_flash_granite_8b,"gemini_flash,granite_8b",random,0.860575296108291,0.025493651508779188,0.00010240110829103216
gemini_flash_granite_8b,"gemini_flash,granite_8b",oracle,0.9253807106598985,0.017131250349140453,0.00017959404399323182
gemini_flash_granite_8b,"gemini_flash,granite_8b",logistic_router,0.8763113367174281,0.023715112804294124,0.0001386548054145516
gemini_flash_granite_8b,"gemini_flash,granite_8b",linear_svm_router,0.8676818950930626,0.0237693772996854,0.00015055452622673434
gemini_flash_granite_8b,"gemini_flash,granite_8b",knn_router,0.8766497461928934,0.02370262064539724,0.00018897967851099832
gemini_flash_granite_8b,"gemini_flash,granite_8b",decision_tree_router,0.8661590524534687,0.02430718759210898,0.00011898043147208122
gemini_flash_granite_8b,"gemini_flash,granite_8b",random_forest_router,0.8849407783417935,0.021049410819917628,0.00016554567681895092
gemini_flash_granite_8b,"gemini_flash,granite_8b",extra_trees_router,0.8822335025380711,0.02134562046215249,0.00015127420473773267
qwen_30b_llama_70b,"qwen_30b,llama_70b",always_qwen_30b,0.8998307952622674,0.019129917511367396,2.531397394247039e-05
qwen_30b_llama_70b,"qwen_30b,llama_70b",always_llama_70b,0.8950930626057529,0.020837285042776554,5.354493147208122e-05
qwen_30b_llama_70b,"qwen_30b,llama_70b",random,0.8974619289340101,0.023523886582439014,3.980510737732657e-05
qwen_30b_llama_70b,"qwen_30b,llama_70b",oracle,0.9461928934010152,0.01619544745768702,2.657792551607445e-05
qwen_30b_llama_70b,"qwen_30b,llama_70b",logistic_router,0.8950930626057529,0.023483562770349582,3.218847918781726e-05
qwen_30b_llama_70b,"qwen_30b,llama_70b",linear_svm_router,0.8954314720812183,0.022049960674129655,3.092574355329949e-05
qwen_30b_llama_70b,"qwen_30b,llama_70b",knn_router,0.8998307952622674,0.019129917511367396,2.549018003384095e-05
qwen_30b_llama_70b,"qwen_30b,llama_70b",decision_tree_router,0.8964467005076142,0.024311451850707145,3.802314267343486e-05
qwen_30b_llama_70b,"qwen_30b,llama_70b",random_forest_router,0.8944162436548223,0.023486085036912928,2.7491263350253807e-05
qwen_30b_llama_70b,"qwen_30b,llama_70b",extra_trees_router,0.8954314720812183,0.022646335453355336,2.8666017732656512e-05
qwen_30b_deepseek_v3,"qwen_30b,deepseek_v3",always_qwen_30b,0.8998307952622674,0.019129917511367396,2.531397394247039e-05
qwen_30b_deepseek_v3,"qwen_30b,deepseek_v3",always_deepseek_v3,0.9071065989847715,0.020046938994475166,7.057821015228426e-05
qwen_30b_deepseek_v3,"qwen_30b,deepseek_v3",random,0.900507614213198,0.02463818453803753,4.8253936988155664e-05
qwen_30b_deepseek_v3,"qwen_30b,deepseek_v3",oracle,0.9445008460236887,0.015881516637947082,2.7183646565143826e-05
qwen_30b_deepseek_v3,"qwen_30b,deepseek_v3",logistic_router,0.8971235194585448,0.020905399476826018,3.7691104636209814e-05
qwen_30b_deepseek_v3,"qwen_30b,deepseek_v3",linear_svm_router,0.8957698815566836,0.022690758008329315,3.4902414010152284e-05
qwen_30b_deepseek_v3,"qwen_30b,deepseek_v3",knn_router,0.8996615905245346,0.01907177055267248,2.5440587817258885e-05
qwen_30b_deepseek_v3,"qwen_30b,deepseek_v3",decision_tree_router,0.905922165820643,0.02098176390425518,4.399199932318105e-05
qwen_30b_deepseek_v3,"qwen_30b,deepseek_v3",random_forest_router,0.8998307952622674,0.020905399476826025,2.860293021996616e-05
qwen_30b_deepseek_v3,"qwen_30b,deepseek_v3",extra_trees_router,0.8993231810490694,0.022507936787600925,2.9601838714043993e-05
qwen_30b_granite_8b,"qwen_30b,granite_8b",always_qwen_30b,0.8998307952622674,0.019129917511367396,2.531397394247039e-05
qwen_30b_granite_8b,"qwen_30b,granite_8b",always_granite_8b,0.8463620981387479,0.02522033466290163,1.5969788494077833e-05
qwen_30b_granite_8b,"qwen_30b,granite_8b",random,0.8712351945854484,0.020629439097550054,2.065067708967851e-05
qwen_30b_granite_8b,"qwen_30b,granite_8b",oracle,0.9324873096446701,0.015090689314210082,2.4948643519458545e-05
qwen_30b_granite_8b,"qwen_30b,granite_8b",logistic_router,0.8908629441624366,0.019214110719286196,2.3047486565143822e-05
qwen_30b_granite_8b,"qwen_30b,granite_8b",linear_svm_router,0.8945854483925549,0.01700283357429374,2.396260115059222e-05
qwen_30b_granite_8b,"qwen_30b,granite_8b",knn_router,0.8998307952622674,0.019129917511367396,2.531397394247039e-05
qwen_30b_granite_8b,"qwen_30b,granite_8b",decision_tree_router,0.8901861252115059,0.01952299971625276,2.2803862538071066e-05
qwen_30b_granite_8b,"qwen_30b,granite_8b",random_forest_router,0.8942470389170897,0.018086603070156585,2.4522748900169207e-05
qwen_30b_granite_8b,"qwen_30b,granite_8b",extra_trees_router,0.8945854483925549,0.018931489198336662,2.440387668358714e-05
llama_70b_deepseek_v3,"llama_70b,deepseek_v3",always_llama_70b,0.8950930626057529,0.020837285042776554,5.354493147208122e-05
llama_70b_deepseek_v3,"llama_70b,deepseek_v3",always_deepseek_v3,0.9071065989847715,0.020046938994475166,7.057821015228426e-05
llama_70b_deepseek_v3,"llama_70b,deepseek_v3",random,0.8981387478849407,0.02354402259004835,6.199376108291032e-05
llama_70b_deepseek_v3,"llama_70b,deepseek_v3",oracle,0.9500846023688664,0.015086763536486459,5.4382156345177665e-05
llama_70b_deepseek_v3,"llama_70b,deepseek_v3",logistic_router,0.9025380710659898,0.018345931180969936,5.699984077834179e-05
llama_70b_deepseek_v3,"llama_70b,deepseek_v3",linear_svm_router,0.9079526226734348,0.019397438788905732,5.612434247038917e-05
llama_70b_deepseek_v3,"llama_70b,deepseek_v3",knn_router,0.8925549915397631,0.021907794838810335,5.382645617597293e-05
llama_70b_deepseek_v3,"llama_70b,deepseek_v3",decision_tree_router,0.9016920473773266,0.020672464948860735,5.761108443316412e-05
llama_70b_deepseek_v3,"llama_70b,deepseek_v3",random_forest_router,0.898984771573604,0.01978820041010763,5.429277698815567e-05
llama_70b_deepseek_v3,"llama_70b,deepseek_v3",extra_trees_router,0.9020304568527919,0.02133521151802054,5.4667534010152284e-05
llama_70b_granite_8b,"llama_70b,granite_8b",always_llama_70b,0.8950930626057529,0.020837285042776554,5.354493147208122e-05
llama_70b_granite_8b,"llama_70b,granite_8b",always_granite_8b,0.8463620981387479,0.02522033466290163,1.5969788494077833e-05
llama_70b_granite_8b,"llama_70b,granite_8b",random,0.8688663282571912,0.020869241364761683,3.439050118443316e-05
llama_70b_granite_8b,"llama_70b,granite_8b",oracle,0.9431472081218274,0.016402600609891915,5.169643485617597e-05
llama_70b_granite_8b,"llama_70b,granite_8b",logistic_router,0.8866328257191202,0.020879882603507836,4.528483874788494e-05
llama_70b_granite_8b,"llama_70b,granite_8b",linear_svm_router,0.8962774957698816,0.022412993986457935,4.8266786125211505e-05
llama_70b_granite_8b,"llama_70b,granite_8b",knn_router,0.8949238578680203,0.020999401273843126,5.341059644670051e-05
llama_70b_granite_8b,"llama_70b,granite_8b",decision_tree_router,0.8898477157360406,0.019643989330252347,4.579268646362098e-05
llama_70b_granite_8b,"llama_70b,granite_8b",random_forest_router,0.8939086294416243,0.01775273904020393,4.778086260575296e-05
llama_70b_granite_8b,"llama_70b,granite_8b",extra_trees_router,0.8927241962774957,0.01888684955633171,4.836205296108291e-05
deepseek_v3_granite_8b,"deepseek_v3,granite_8b",always_deepseek_v3,0.9071065989847715,0.020046938994475166,7.057821015228426e-05
deepseek_v3_granite_8b,"deepseek_v3,granite_8b",always_granite_8b,0.8463620981387479,0.02522033466290163,1.5969788494077833e-05
deepseek_v3_granite_8b,"deepseek_v3,granite_8b",random,0.877834179357022,0.01940659788540524,4.297495025380711e-05
deepseek_v3_granite_8b,"deepseek_v3,granite_8b",oracle,0.9428087986463621,0.014900091537351659,6.848815059221659e-05
deepseek_v3_granite_8b,"deepseek_v3,granite_8b",logistic_router,0.8903553299492386,0.01925337744080205,5.7895434517766495e-05
deepseek_v3_granite_8b,"deepseek_v3,granite_8b",linear_svm_router,0.9010152284263959,0.020855044600285536,6.174316751269035e-05
deepseek_v3_granite_8b,"deepseek_v3,granite_8b",knn_router,0.9071065989847715,0.020046938994475166,7.041433536379019e-05
deepseek_v3_granite_8b,"deepseek_v3,granite_8b",decision_tree_router,0.8812182741116751,0.024201560741865476,4.4594584771573605e-05
deepseek_v3_granite_8b,"deepseek_v3,granite_8b",random_forest_router,0.9091370558375634,0.02083799571568627,6.833530118443316e-05
deepseek_v3_granite_8b,"deepseek_v3,granite_8b",extra_trees_router,0.9042301184433164,0.017721847990182418,6.647807580372251e-05
